rahul,mkldms
rahul,mkldms
Rahul Rajendran,dsfsdf
Rahul ,dsfsdf
Rahul  sadasda,dsfsdf
Rahul  sadasda,dsfsdf
Rahul Rajendran,dsfsdf
rahul,dsfsdf
Rahul Rajendran,mkldms
Rahul Rajendran,mkldms
Rahul Rajendran,mkldms
Rahul Rajendran,mkldms
Rahul Rajendran,mkldms
Rahul Rajendran,mkldms
Rahul Rajendran,dsfdf
Rahul Rajendran,dsfdf
saasd,dsfdf
hh,fasfasf
Rahul Rajendran,fasfasf
Rahul Rajendran,fasfasf
Rahul Rajendran,sdasd
hh,sfsafasfafaf
Rahul Rajendran,dsfsdf
rahul,mkldms
rhrgfd,fasfasf
